{
    "trained/All/182-140-98-56-14.pth": 0.005857896711677313,
    "trained/AirDroid/182-140-98-56-14.pth": 0.0029602717375382783,
    "trained/OerOer/182-140-98-56-14.pth": 0.0021656924625858666,
    "trained/BiduTerBox/182-140-98-56-14.pth": 0.0018789739580824972,
    "trained/AdmntMessenger/182-140-98-56-14.pth": 0.0016510822693817319,
    "trained/OenMedi4KStogrm/182-140-98-56-14.pth": 0.0016665254021063448
}